predicted_at,match_id,kickoff,div,league,season,home_raw,away_raw,home_key,away_key,p_home,p_draw,p_away,bfeh,bfed,bfea,b365h,b365d,b365a,maxh,maxd,maxa,avgh,avgd,avga
2026-10-09T21:56:19,T1|20261010|genclerbirligi|amedspor,2026-10-10 11:30,T1,Turkey Super Lig,2026-27,Genclerbirligi,Amedspor,genclerbirligi,amedspor,0.34633277774886945,0.2752606716736286,0.378406550577502,3.3,3.7,2.24,3.1,3.3,2.05,3.2,3.6,2.4,2.99,3.46,2.17
2026-10-09T21:56:19,D2|20261010|magdeburg|hannover,2026-10-10 12:00,D2,Germany 2. Bundesliga,2026-27,Magdeburg,Hannover,magdeburg,hannover,0.37999018757320363,0.2681459090431575,0.3518639033836388,2.52,4.1,2.58,2.45,3.8,2.45,2.5,4.0,2.45,2.45,3.84,2.38
2026-10-09T21:56:19,D2|20261010|osnabruck|dresden,2026-10-10 12:00,D2,Germany 2. Bundesliga,2026-27,Osnabruck,Dresden,osnabruck,dresden,0.28937988746138793,0.24256700533948483,0.4680531071991272,2.68,3.85,2.56,2.55,3.6,2.4,2.65,3.75,2.45,2.56,3.61,2.37
2026-10-09T21:56:19,D2|20261010|darmstadt|cottbus,2026-10-10 12:00,D2,Germany 2. Bundesliga,2026-27,Darmstadt,Cottbus,darmstadt,cottbus,0.4121688653242876,0.259450718978101,0.32838041569761145,2.3,4.1,2.84,2.2,3.5,2.8,2.25,4.0,2.85,2.17,3.79,2.76
2026-10-09T21:56:19,EC|20261010|carlisle|kidderminster,2026-10-10 12:30,EC,England National League,2026-27,Carlisle,Kidderminster,carlisle,kidderminster,0.5934679681299245,0.2281519036341272,0.17838012823594832,1.21,4.5,5.7,1.48,4.2,5.5,1.58,4.33,5.5,1.49,4.19,5.23
2026-10-09T21:56:19,E0|20261010|arsenal|leeds,2026-10-10 12:30,E0,England Premier League,2026-27,Arsenal,Leeds,arsenal,leeds,0.6360259926280367,0.22074001225400544,0.14323399511795784,1.41,5.3,9.4,1.4,5.0,7.5,1.4,5.0,9.5,1.38,4.78,7.89
2026-10-09T21:56:19,E1|20261010|charlton|bristol city,2026-10-10 12:30,E1,England Championship,2026-27,Charlton,Bristol City,charlton,bristol city,0.29144364359735997,0.27299960162897524,0.43555675477366473,3.4,3.4,2.36,3.2,3.2,2.2,3.2,3.4,2.34,3.13,3.29,2.27
2026-10-09T21:56:19,E1|20261010|swansea|norwich,2026-10-10 12:30,E1,England Championship,2026-27,Swansea,Norwich,swansea,norwich,0.4362244030809825,0.28023244545240883,0.28354315146660863,2.44,3.65,3.05,2.3,3.5,2.82,2.48,3.6,2.9,2.36,3.52,2.8
2026-10-09T21:56:19,E1|20261010|west brom|birmingham,2026-10-10 12:30,E1,England Championship,2026-27,West Brom,Birmingham,west brom,birmingham,0.3446303849481535,0.2832267994051403,0.3721428156467063,2.52,3.45,3.1,2.35,3.3,3.0,2.38,3.45,3.05,2.35,3.36,2.94
2026-10-09T21:56:19,E2|20261010|notts county|oxford,2026-10-10 12:30,E2,England League One,2026-27,Notts County,Oxford,notts county,oxford,0.29079821577931186,0.28002401166088287,0.4291777725598053,2.6,3.55,2.86,2.5,3.3,2.57,2.65,3.5,2.75,2.53,3.37,2.64
2026-10-09T21:56:19,E2|20261010|plymouth|wimbledon,2026-10-10 12:30,E2,England League One,2026-27,Plymouth,AFC Wimbledon,plymouth,wimbledon,0.6437688058282468,0.22249553436780842,0.13373565980394478,1.55,4.5,6.4,1.46,4.2,6.0,1.53,4.5,6.0,1.5,4.34,5.79
2026-10-09T21:56:19,E3|20261010|oldham|accrington,2026-10-10 12:30,E3,England League Two,2026-27,Oldham,Accrington,oldham,accrington,0.48129361429205114,0.2764259756761933,0.24228041003175563,1.78,3.85,4.9,1.61,3.8,5.0,1.67,4.0,5.0,1.64,3.9,4.87
2026-10-09T21:56:19,E3|20261010|swindon|crewe,2026-10-10 12:30,E3,England League Two,2026-27,Swindon,Crewe,swindon,crewe,0.3997545641521793,0.2998019672970435,0.30044346855077725,2.8,3.55,2.62,2.55,3.4,2.45,2.6,3.6,2.62,2.54,3.51,2.54
2026-10-09T21:56:19,EC|20261010|altrincham|aldershot,2026-10-10 12:30,EC,England National League,2026-27,Altrincham,Aldershot,altrincham,aldershot,0.47503243698299696,0.26097686920064694,0.26399069381635615,1.85,3.85,3.85,1.85,3.75,3.5,1.88,3.8,3.6,1.84,3.67,3.51
2026-10-09T21:56:19,SP1|20261010|vallecano|ath bilbao,2026-10-10 13:00,SP1,Spain La Liga,2026-27,Vallecano,Ath Bilbao,vallecano,ath bilbao,0.3617919096017929,0.28680665741945793,0.35140143297874915,2.84,3.5,2.72,2.7,3.4,2.6,2.75,3.4,2.6,2.7,3.34,2.55
2026-10-09T21:56:19,F2|20261010|clermont|red star,2026-10-10 13:00,F2,France Ligue 2,2026-27,Clermont,Red Star,clermont,red star,0.3278423241334734,0.2945908426478459,0.37756683321868073,3.75,3.4,2.08,3.4,3.0,2.0,3.65,3.4,2.08,3.44,3.3,2.0
2026-10-09T21:56:19,F2|20261010|nantes|reims,2026-10-10 13:00,F2,France Ligue 2,2026-27,Nantes,Reims,nantes,reims,0.40015712344344007,0.29475331499288326,0.30508956156367667,2.2,3.65,3.4,2.05,3.2,3.3,2.15,3.5,3.33,2.06,3.37,3.22
2026-10-09T21:56:19,I1|20261010|genoa|fiorentina,2026-10-10 14:00,I1,Italy Serie A,2026-27,Genoa,Fiorentina,genoa,fiorentina,0.35966068709281385,0.2939369721297131,0.34640234077747306,3.45,3.4,2.36,3.3,3.25,2.25,3.3,3.4,2.35,3.18,3.26,2.27
2026-10-09T21:56:19,I2|20261010|benevento|cesena,2026-10-10 14:00,I2,Italy Serie B,2026-27,Benevento,Cesena,benevento,cesena,0.43859593984052747,0.28750548719488184,0.2738985729645907,1.98,3.6,3.95,1.76,3.4,4.2,1.9,3.6,4.2,1.85,3.52,3.77
2026-10-09T21:56:19,I2|20261010|empoli|palermo,2026-10-10 14:00,I2,Italy Serie B,2026-27,Empoli,Palermo,empoli,palermo,0.28789099856552447,0.2810855900113623,0.4310234114231133,3.8,3.55,2.04,3.7,3.5,1.86,3.7,3.6,1.98,3.47,3.49,1.94
2026-10-09T21:56:19,I2|20261010|sudtirol|ascoli,2026-10-10 14:00,I2,Italy Serie B,2026-27,Sudtirol,Ascoli,sudtirol,ascoli,0.3290626404907934,0.30300459638455707,0.36793276312464956,2.6,3.1,2.94,2.32,3.2,2.85,2.5,3.25,2.92,2.37,3.18,2.82
2026-10-09T21:56:19,I2|20261010|virtus entella|juve stabia,2026-10-10 14:00,I2,Italy Serie B,2026-27,Virtus Entella,Juve Stabia,virtus entella,juve stabia,0.37211178740049333,0.290677291559381,0.3372109210401257,2.12,3.15,4.1,1.91,3.2,3.75,2.15,3.25,4.0,2.05,3.15,3.55
2026-10-09T21:56:19,T1|20261010|alanyaspor|erzurumspor,2026-10-10 14:00,T1,Turkey Super Lig,2026-27,Alanyaspor,Erzurumspor,alanyaspor,erzurumspor,0.5770683806942963,0.24771362470541014,0.17521799460029341,2.02,3.5,4.3,1.91,3.25,3.8,2.05,3.3,3.8,1.96,3.24,3.76
2026-10-09T21:56:19,T1|20261010|samsunspor|trabzonspor,2026-10-10 14:00,T1,Turkey Super Lig,2026-27,Samsunspor,Trabzonspor,samsunspor,trabzonspor,0.23059768690787727,0.2509964808182668,0.518405832273856,3.85,3.95,2.0,3.5,3.6,1.86,3.5,3.75,2.0,3.41,3.62,1.94
2026-10-09T21:56:19,D1|20261010|hoffenheim|hamburg,2026-10-10 14:30,D1,Germany Bundesliga,2026-27,Hoffenheim,Hamburg,hoffenheim,hamburg,0.5557650465331708,0.24321802751387964,0.2010169259529495,1.46,5.4,7.4,1.42,5.0,7.0,1.44,5.25,7.1,1.41,5.0,6.39
2026-10-09T21:56:19,D1|20261010|augsburg|bayern munich,2026-10-10 14:30,D1,Germany Bundesliga,2026-27,Augsburg,Bayern Munich,augsburg,bayern munich,0.07313036273358664,0.13967670607275304,0.7871929311936604,13.5,9.4,1.2,11.0,8.5,1.18,13.0,9.0,1.2,11.02,8.1,1.17
2026-10-09T21:56:19,D1|20261010|mainz|leverkusen,2026-10-10 14:30,D1,Germany Bundesliga,2026-27,Mainz,Leverkusen,mainz,leverkusen,0.24839420989118224,0.25538310624390087,0.49622268386491686,3.1,4.1,2.26,3.0,3.8,2.2,3.0,4.0,2.25,2.88,3.83,2.17
2026-10-09T21:56:19,D1|20261010|paderborn|stuttgart,2026-10-10 14:30,D1,Germany Bundesliga,2026-27,Paderborn,Stuttgart,paderborn,stuttgart,0.18289742328656267,0.22837115498945007,0.5887314217239872,5.3,4.9,1.64,4.75,4.75,1.6,5.1,4.75,1.62,4.65,4.55,1.58
2026-10-09T21:56:19,D1|20261010|union berlin|elversberg,2026-10-10 14:30,D1,Germany Bundesliga,2026-27,Union Berlin,Elversberg,union berlin,elversberg,0.36503537189743307,0.2719464931593342,0.3630181349432328,2.42,3.9,2.96,2.3,3.6,2.9,2.4,3.8,2.94,2.29,3.69,2.77
2026-10-09T21:56:19,EC|20261010|worthing|solihull,2026-10-10 15:00,EC,England National League,2026-27,Worthing,Solihull,worthing,solihull,0.6111641411358577,0.22253537827843162,0.16630048058571067,1.78,4.3,3.8,1.8,3.9,3.6,1.85,4.33,3.7,1.78,3.95,3.51
2026-10-09T21:56:19,SC0|20261010|dundee united|hibernian,2026-10-10 15:00,SC0,Scotland Premiership,2026-27,Dundee United,Hibernian,dundee united,hibernian,0.32781739001181004,0.285225540706967,0.38695706928122303,2.82,3.7,2.46,2.57,3.6,2.35,2.75,3.75,2.5,2.66,3.54,2.4
2026-10-09T21:56:19,E3|20261010|york|northampton,2026-10-10 15:00,E3,England League Two,2026-27,York,Northampton,york,northampton,0.6812094075566341,0.19850747315121528,0.12028311929215074,1.63,4.2,5.8,1.62,3.75,5.0,1.67,4.0,5.0,1.64,3.89,4.89
2026-10-09T21:56:19,SC0|20261010|hearts|st mirren,2026-10-10 15:00,SC0,Scotland Premiership,2026-27,Hearts,St Mirren,hearts,st mirren,0.7870573258096942,0.14398245898808107,0.06896021520222463,1.46,4.7,6.0,1.42,5.0,5.75,1.48,5.0,6.5,1.45,4.74,5.89
2026-10-09T21:56:19,SC0|20261010|falkirk|dundee,2026-10-10 15:00,SC0,Scotland Premiership,2026-27,Falkirk,Dundee,falkirk,dundee,0.4154363808788392,0.29225402902735703,0.29230959009380375,1.92,3.55,1.91,1.96,3.6,3.5,2.1,3.6,3.5,2.03,3.49,3.42
2026-10-09T21:56:19,EC|20261010|woking|harrogate,2026-10-10 15:00,EC,England National League,2026-27,Woking,Harrogate,woking,harrogate,0.3916677827087465,0.268763616173576,0.33956860111767745,2.72,3.5,2.44,2.55,3.5,2.38,2.63,3.6,2.6,2.53,3.43,2.41
2026-10-09T21:56:19,EC|20261010|boston utd|southend,2026-10-10 15:00,EC,England National League,2026-27,Boston Utd,Southend,boston utd,southend,0.253232611181941,0.22941584003441995,0.5173515487836391,3.8,4.3,1.79,3.5,3.9,1.8,3.7,4.0,1.83,3.55,3.9,1.77
2026-10-09T21:56:19,EC|20261010|tamworth|barrow,2026-10-10 15:00,EC,England National League,2026-27,Tamworth,Barrow,tamworth,barrow,0.35493894133166703,0.27928344806197103,0.36577761060636194,2.66,3.55,2.44,2.55,3.6,2.38,2.6,3.6,2.4,2.54,3.53,2.36
2026-10-09T21:56:19,EC|20261010|hornchurch|eastleigh,2026-10-10 15:00,EC,England National League,2026-27,Hornchurch,Eastleigh,hornchurch,eastleigh,0.4497853386773553,0.2663866775893468,0.28382798373329776,2.08,3.55,3.35,2.05,3.5,3.1,2.05,3.6,3.3,2.0,3.48,3.18
2026-10-09T21:56:19,EC|20261010|halifax|gateshead,2026-10-10 15:00,EC,England National League,2026-27,Halifax,Gateshead,halifax,gateshead,0.6517709786005114,0.2088092443297589,0.13941977706972974,1.39,4.9,6.6,1.4,4.2,7.0,1.4,5.0,8.0,1.36,4.53,6.81
2026-10-09T21:56:19,EC|20261010|fylde|scunthorpe,2026-10-10 15:00,EC,England National League,2026-27,Fylde,Scunthorpe,fylde,scunthorpe,0.3640315016029038,0.25670444334667675,0.37926405505041944,1.76,4.3,3.6,1.75,4.1,3.6,1.78,4.5,3.8,1.73,4.06,3.61
2026-10-09T21:56:19,SC0|20261010|rangers|kilmarnock,2026-10-10 15:00,SC0,Scotland Premiership,2026-27,Rangers,Kilmarnock,rangers,kilmarnock,0.7866699017922167,0.14610729348301071,0.0672228047247725,1.17,8.6,19.0,1.11,7.5,17.0,1.17,8.5,17.5,1.14,7.75,15.13
2026-10-09T21:56:19,EC|20261010|wealdstone|yeovil,2026-10-10 15:00,EC,England National League,2026-27,Wealdstone,Yeovil,wealdstone,yeovil,0.31843364666015744,0.269814736417612,0.4117516169222306,2.74,3.85,2.42,2.5,3.6,2.4,2.5,3.6,2.5,2.45,3.52,2.43
2026-10-09T21:56:19,SC1|20261010|arbroath|morton,2026-10-10 15:00,SC1,Scotland Championship,2026-27,Arbroath,Morton,arbroath,morton,0.46208227624579284,0.29909232237195665,0.2388254013822505,1.8,3.4,4.5,1.75,3.3,4.0,1.83,3.5,4.5,1.76,3.38,4.19
2026-10-09T21:56:19,SC2|20261010|east kilbride|airdrie utd,2026-10-10 15:00,SC2,Scotland League One,2026-27,East Kilbride,Airdrie Utd,east kilbride,airdrie utd,0.3885053799210825,0.30232237718761923,0.3091722428912982,1.88,3.75,3.25,1.83,3.5,3.6,1.88,3.75,3.6,1.84,3.57,3.51
2026-10-09T21:56:19,SC1|20261010|inverness c|stenhousemuir,2026-10-10 15:00,SC1,Scotland Championship,2026-27,Inverness C,Stenhousemuir,inverness c,stenhousemuir,0.43401234978492065,0.3320923604288692,0.23389528978621008,2.02,3.5,4.0,1.83,3.25,3.7,1.88,3.6,4.2,1.83,3.37,3.86
2026-10-09T21:56:19,SC1|20261010|livingston|partick,2026-10-10 15:00,SC1,Scotland Championship,2026-27,Livingston,Partick,livingston,partick,0.29957737571048626,0.3101609571787538,0.39026166711075994,2.34,3.4,2.82,2.25,3.1,2.9,2.3,3.5,2.9,2.24,3.35,2.8
2026-10-09T21:56:19,SC1|20261010|raith rvs|queens park,2026-10-10 15:00,SC1,Scotland Championship,2026-27,Raith Rvs,Queens Park,raith rvs,queens park,0.5763554464401421,0.25892557229883256,0.16471898126102538,1.45,4.1,1.13,1.45,3.8,6.0,1.5,4.0,6.25,1.48,3.89,5.91
2026-10-09T21:56:19,SC2|20261010|alloa|hamilton,2026-10-10 15:00,SC2,Scotland League One,2026-27,Alloa,Hamilton,alloa,hamilton,0.2984970994360672,0.2847227241795109,0.4167801763844219,3.6,3.45,1.71,3.8,3.6,1.73,4.0,3.7,1.8,3.94,3.55,1.75
2026-10-09T21:56:19,SC2|20261010|cove rangers|east fife,2026-10-10 15:00,SC2,Scotland League One,2026-27,Cove Rangers,East Fife,cove rangers,east fife,0.4425124134550182,0.28206788207274197,0.2754197044722399,2.2,2.9,3.05,2.2,3.3,2.88,2.25,3.4,3.0,2.18,3.25,2.94
2026-10-09T21:56:19,SC2|20261010|montrose|ross county,2026-10-10 15:00,SC2,Scotland League One,2026-27,Montrose,Ross County,montrose,ross county,0.136759586559005,0.21480578838105632,0.6484346250599387,5.9,4.5,1.42,5.75,4.33,1.42,6.5,4.75,1.44,5.97,4.43,1.4
2026-10-09T21:56:19,SC2|20261010|peterhead|queen of sth,2026-10-10 15:00,SC2,Scotland League One,2026-27,Peterhead,Queen of Sth,peterhead,queen of sth,0.4212039907062011,0.2755536457659606,0.30324236352783834,1.86,3.1,3.1,1.9,3.7,3.25,2.0,3.7,3.4,1.94,3.58,3.22
2026-10-09T21:56:19,SC3|20261010|annan athletic|stranraer,2026-10-10 15:00,SC3,Scotland League Two,2026-27,Annan Athletic,Stranraer,annan athletic,stranraer,0.2928836558039179,0.252896870548222,0.45421947364786,2.36,3.45,2.22,2.55,3.4,2.35,2.6,3.5,2.45,2.54,3.41,2.38
2026-10-09T21:56:19,SC3|20261010|clyde|dumbarton,2026-10-10 15:00,SC3,Scotland League Two,2026-27,Clyde,Dumbarton,clyde,dumbarton,0.5436157670434079,0.22825987554061958,0.22812435741597245,1.49,1.12,4.6,1.57,3.9,4.33,1.58,4.33,4.75,1.54,4.12,4.63
2026-10-09T21:56:19,SC3|20261010|edinburgh city|spartans,2026-10-10 15:00,SC3,Scotland League Two,2026-27,Edinburgh City,Spartans,edinburgh city,spartans,0.3529055560255097,0.24019754525773807,0.4068968987167522,2.48,3.0,2.4,2.55,3.4,2.3,2.65,3.6,2.4,2.55,3.45,2.36
2026-10-09T21:56:19,SC3|20261010|stirling|kelty hearts,2026-10-10 15:00,SC3,Scotland League Two,2026-27,Stirling,Kelty Hearts,stirling,kelty hearts,0.3149163079395889,0.23715630197548263,0.4479273900849285,2.34,3.55,2.56,2.35,3.5,2.45,2.4,3.6,2.57,2.37,3.52,2.48
2026-10-09T21:56:19,SC3|20261010|forfar|elgin,2026-10-10 15:00,SC3,Scotland League Two,2026-27,Forfar,Elgin,forfar,elgin,0.3661381767798746,0.2482927431668601,0.3855690800532654,2.96,3.05,1.88,3.2,3.5,1.91,3.3,3.6,2.0,3.23,3.5,1.95
2026-10-09T21:56:19,SC1|20261010|ayr|dunfermline,2026-10-10 15:00,SC1,Scotland Championship,2026-27,Ayr,Dunfermline,ayr,dunfermline,0.3008256241316159,0.31732114583536486,0.3818532300330193,3.15,1.67,2.24,3.1,3.2,2.15,3.25,3.3,2.2,3.09,3.22,2.15
2026-10-09T21:56:19,E3|20261010|tranmere|rochdale,2026-10-10 15:00,E3,England League Two,2026-27,Tranmere,Rochdale,tranmere,rochdale,0.33203183709961454,0.2754627602187446,0.39250540268164097,2.0,3.65,4.1,1.91,3.4,3.8,2.05,3.6,3.8,1.98,3.46,3.6
2026-10-09T21:56:19,E0|20261010|aston villa|brentford,2026-10-10 15:00,E0,England Premier League,2026-27,Aston Villa,Brentford,aston villa,brentford,0.32639850974646606,0.28947606153673533,0.3841254287167987,2.78,3.65,2.7,2.63,3.5,2.6,2.65,3.6,2.6,2.62,3.5,2.54
2026-10-09T21:56:19,E3|20261010|rotherham|gillingham,2026-10-10 15:00,E3,England League Two,2026-27,Rotherham,Gillingham,rotherham,gillingham,0.45661974568099667,0.29858646584147114,0.2447937884775322,2.06,3.65,3.95,1.81,3.4,4.1,1.91,3.6,4.1,1.89,3.49,3.91
2026-10-09T21:56:19,B1|20261010|cercle brugge|anderlecht,2026-10-10 15:00,B1,Belgium Pro League,2026-27,Cercle Brugge,Anderlecht,cercle brugge,anderlecht,0.33053631935019867,0.28277323117032654,0.3866904494794749,3.6,3.85,2.02,3.5,3.6,1.91,3.5,3.8,2.0,3.41,3.65,1.95
2026-10-09T21:56:19,E0|20261010|chelsea|bournemouth,2026-10-10 15:00,E0,England Premier League,2026-27,Chelsea,Bournemouth,chelsea,bournemouth,0.2935944821762837,0.2745240997930436,0.43188141803067276,1.74,4.4,4.9,1.65,4.33,4.5,1.7,4.33,4.75,1.66,4.21,4.53
2026-10-09T21:56:19,E0|20261010|ipswich|fulham,2026-10-10 15:00,E0,England Premier League,2026-27,Ipswich,Fulham,ipswich,fulham,0.265397446688012,0.2733972674735772,0.4612052858384108,2.96,3.65,2.54,2.8,3.4,2.5,2.8,3.6,2.5,2.75,3.48,2.42
2026-10-09T21:56:19,E0|20261010|sunderland|brighton,2026-10-10 15:00,E0,England Premier League,2026-27,Sunderland,Brighton,sunderland,brighton,0.21566251081779378,0.2575842025772615,0.5267532866049448,3.15,3.6,2.42,3.1,3.5,2.25,3.1,3.6,2.35,2.94,3.47,2.3
2026-10-09T21:56:19,E1|20261010|blackburn|cardiff,2026-10-10 15:00,E1,England Championship,2026-27,Blackburn,Cardiff,blackburn,cardiff,0.3912440360739971,0.27693904388794827,0.33181692003805463,2.82,3.8,2.56,2.65,3.5,2.4,2.7,3.75,2.52,2.64,3.63,2.45
2026-10-09T21:56:19,E1|20261010|bolton|stoke,2026-10-10 15:00,E1,England Championship,2026-27,Bolton,Stoke,bolton,stoke,0.3955536994785727,0.2939351305495122,0.31051116997191514,2.9,3.5,2.64,2.65,3.4,2.45,2.75,3.5,2.6,2.69,3.38,2.52
2026-10-09T21:56:19,E1|20261010|derby|wrexham,2026-10-10 15:00,E1,England Championship,2026-27,Derby,Wrexham,derby,wrexham,0.3914882969610436,0.2860919566193653,0.3224197464195911,2.9,3.45,2.66,2.7,3.2,2.57,2.75,3.4,2.7,2.67,3.32,2.59
2026-10-09T21:56:19,E1|20261010|middlesbrough|wolves,2026-10-10 15:00,E1,England Championship,2026-27,Middlesbrough,Wolves,middlesbrough,wolves,0.35126134733217973,0.2745409707130679,0.37419768195475234,2.3,3.8,3.15,2.15,3.7,2.85,2.28,3.75,3.0,2.22,3.67,2.92
2026-10-09T21:56:19,E1|20261010|preston|millwall,2026-10-10 15:00,E1,England Championship,2026-27,Preston,Millwall,preston,millwall,0.24753575870005895,0.2510214597329952,0.5014427815669459,2.98,3.55,2.54,2.82,3.3,2.35,2.88,3.5,2.52,2.81,3.44,2.39
2026-10-09T21:56:19,E1|20261010|sheffield united|lincoln,2026-10-10 15:00,E1,England Championship,2026-27,Sheffield United,Lincoln,sheffield united,lincoln,0.3514984677059303,0.28930851547190906,0.3591930168221607,2.22,3.45,3.65,2.05,3.4,3.4,2.18,3.4,3.6,2.11,3.37,3.44
2026-10-09T21:56:19,E1|20261010|watford|burnley,2026-10-10 15:00,E1,England Championship,2026-27,Watford,Burnley,watford,burnley,0.2554239225027657,0.2604141479277707,0.48416192956946363,3.1,3.6,2.42,3.1,3.4,2.2,3.1,3.6,2.38,2.99,3.48,2.26
2026-10-09T21:56:19,E2|20261010|bradford|leyton orient,2026-10-10 15:00,E2,England League One,2026-27,Bradford,Leyton Orient,bradford,leyton orient,0.570041051096291,0.25635840137188004,0.17360054753182888,1.75,3.95,5.2,1.68,3.7,4.5,1.75,4.0,5.0,1.7,3.77,4.62
2026-10-09T21:56:19,E2|20261010|cambridge|blackpool,2026-10-10 15:00,E2,England League One,2026-27,Cambridge,Blackpool,cambridge,blackpool,0.46532861792914376,0.2791685849946864,0.25550279707616985,2.08,3.75,3.65,2.01,3.5,3.3,2.05,3.75,3.65,2.01,3.65,3.35
2026-10-09T21:56:19,E3|20261010|shrewsbury|exeter,2026-10-10 15:00,E3,England League Two,2026-27,Shrewsbury,Exeter,shrewsbury,exeter,0.3184668683949952,0.29471480981565135,0.3868183217893535,2.34,3.4,3.35,2.2,3.1,3.25,2.3,3.4,3.25,2.27,3.27,3.08
2026-10-09T21:56:19,E2|20261010|huddersfield|sheffield weds,2026-10-10 15:00,E2,England League One,2026-27,Huddersfield,Sheffield Weds,huddersfield,sheffield weds,0.578815591505303,0.24917646185385198,0.17200794664084498,1.8,4.2,4.4,1.66,3.9,4.33,1.77,4.0,4.5,1.71,3.93,4.28
2026-10-09T21:56:19,E2|20261010|leicester|peterboro,2026-10-10 15:00,E2,England League One,2026-27,Leicester,Peterboro,leicester,peterboro,0.6187023938028567,0.22765301735477597,0.15364458884236723,1.67,4.6,4.8,1.53,4.2,5.0,1.64,4.6,5.0,1.58,4.44,4.7
2026-10-09T21:56:19,E2|20261010|mansfield|bromley,2026-10-10 15:00,E2,England League One,2026-27,Mansfield,Bromley,mansfield,bromley,0.5372030610920181,0.2589890602027986,0.20380787870518344,1.87,3.9,4.3,1.71,3.6,4.5,1.8,3.9,4.5,1.77,3.81,4.11
2026-10-09T21:56:19,E2|20261010|milton keynes dons|reading,2026-10-10 15:00,E2,England League One,2026-27,Milton Keynes Dons,Reading,milton keynes dons,reading,0.31178014842983626,0.2793808955262816,0.40883895604388215,2.64,3.75,2.68,2.65,3.5,2.4,2.75,3.75,2.55,2.61,3.56,2.47
2026-10-09T21:56:19,E2|20261010|stevenage|wigan,2026-10-10 15:00,E2,England League One,2026-27,Stevenage,Wigan,stevenage,wigan,0.482992481169235,0.2822110242403196,0.23479649459044546,2.22,3.35,3.75,2.05,3.2,3.5,2.15,3.4,3.65,2.09,3.29,3.48
2026-10-09T21:56:19,E2|20261010|stockport|barnsley,2026-10-10 15:00,E2,England League One,2026-27,Stockport,Barnsley,stockport,barnsley,0.5909026462820851,0.2355409846705471,0.17355636904736782,1.45,5.3,6.6,1.39,4.5,7.0,1.44,5.25,7.5,1.41,4.95,6.39
2026-10-09T21:56:19,E2|20261010|wycombe|luton,2026-10-10 15:00,E2,England League One,2026-27,Wycombe,Luton,wycombe,luton,0.3818121316425012,0.27180293864493166,0.3463849297125671,2.66,3.75,2.52,2.57,3.4,2.45,2.7,3.75,2.55,2.6,3.58,2.46
2026-10-09T21:56:19,E3|20261010|bristol rvs|barnet,2026-10-10 15:00,E3,England League Two,2026-27,Bristol Rvs,Barnet,bristol rvs,barnet,0.28314200138696294,0.2706460515277545,0.4462119470852826,2.44,3.55,3.0,2.2,3.5,2.85,2.3,3.7,3.1,2.2,3.56,2.95
2026-10-09T21:56:19,E3|20261010|cheltenham|salford,2026-10-10 15:00,E3,England League Two,2026-27,Cheltenham,Salford,cheltenham,salford,0.2278457788244325,0.25723705624822296,0.5149171649273444,4.0,3.95,1.95,4.0,3.6,1.81,4.0,4.0,1.9,3.78,3.73,1.85
2026-10-09T21:56:19,E3|20261010|crawley town|chesterfield,2026-10-10 15:00,E3,England League Two,2026-27,Crawley Town,Chesterfield,crawley town,chesterfield,0.24412669629157116,0.24922920946962204,0.5066440942388067,5.1,4.3,1.69,4.75,3.9,1.61,5.0,4.33,1.67,4.64,4.12,1.64
2026-10-09T21:56:19,E3|20261010|fleetwood town|walsall,2026-10-10 15:00,E3,England League Two,2026-27,Fleetwood Town,Walsall,fleetwood town,walsall,0.35394612635201095,0.2989686572369071,0.34708521641108203,2.52,3.45,2.98,2.2,3.4,3.0,2.38,3.6,3.1,2.27,3.44,2.94
2026-10-09T21:56:19,E3|20261010|newport county|colchester,2026-10-10 15:00,E3,England League Two,2026-27,Newport County,Colchester,newport county,colchester,0.386392726651624,0.28305722999558425,0.33055004335279164,2.68,3.55,2.74,2.57,3.4,2.45,2.75,3.5,2.55,2.64,3.43,2.49
2026-10-09T21:56:19,E3|20261010|port vale|grimsby,2026-10-10 15:00,E3,England League Two,2026-27,Port Vale,Grimsby,port vale,grimsby,0.34229671288012103,0.2996806283944395,0.3580226587254394,2.68,3.4,2.76,2.5,3.25,2.57,2.55,3.4,2.75,2.5,3.31,2.69
2026-10-09T21:56:19,E2|20261010|doncaster|burton,2026-10-10 15:00,E2,England League One,2026-27,Doncaster,Burton,doncaster,burton,0.4855075314128228,0.27593533472117565,0.23855713386600153,1.77,4.1,4.7,1.62,3.8,4.75,1.7,4.25,5.0,1.67,3.9,4.68
2026-10-09T21:56:19,SP2|20261010|ceuta|sabadell,2026-10-10 15:15,SP2,Spain Segunda Division,2026-27,Ceuta,Sabadell,ceuta,sabadell,0.3586384566210337,0.3051172908808511,0.3362442524981151,3.35,3.6,2.28,3.3,3.1,2.2,3.3,3.3,2.28,3.09,3.19,2.2
2026-10-09T21:56:19,SP1|20261010|alaves|ath madrid,2026-10-10 15:15,SP1,Spain La Liga,2026-27,Alaves,Ath Madrid,alaves,ath madrid,0.2673542042735018,0.26271274265371636,0.4699330530727819,4.7,3.85,1.87,4.1,3.8,1.8,4.5,3.8,1.85,4.23,3.69,1.8
2026-10-09T21:56:19,N1|20261010|go ahead eagles|sparta rotterdam,2026-10-10 15:30,N1,Netherlands Eredivisie,2026-27,Go Ahead Eagles,Sparta Rotterdam,go ahead eagles,sparta rotterdam,0.5186372556351804,0.24491818572778945,0.23644455863703015,1.79,4.2,4.5,1.75,4.0,4.1,1.78,4.2,4.25,1.74,4.06,3.92
2026-10-09T21:56:19,P1|20261010|casa pia|santa clara,2026-10-10 15:30,P1,Portugal Primeira Liga,2026-27,Casa Pia,Santa Clara,casa pia,santa clara,0.27763773936516545,0.28492351957960793,0.4374387410552267,4.7,3.45,1.91,4.5,3.25,1.81,4.5,3.5,1.93,4.31,3.28,1.85
2026-10-09T21:56:19,F1|20261010|lille|le havre,2026-10-10 16:15,F1,France Ligue 1,2026-27,Lille,Le Havre,lille,le havre,0.6068443473421368,0.23955654758511055,0.15359910507275268,1.46,5.1,7.8,1.44,4.5,7.5,1.44,4.8,7.9,1.42,4.66,6.76
2026-10-09T21:56:19,I2|20261010|vicenza|pisa,2026-10-10 16:15,I2,Italy Serie B,2026-27,Vicenza,Pisa,vicenza,pisa,0.3040773671554033,0.2633384828025609,0.4325841500420358,3.05,3.35,2.4,2.85,3.3,2.2,2.9,3.5,2.3,2.84,3.36,2.25
2026-10-09T21:56:19,T1|20261010|rizespor|fenerbahce,2026-10-10 17:00,T1,Turkey Super Lig,2026-27,Rizespor,Fenerbahce,rizespor,fenerbahce,0.14999717575986152,0.21338111321882777,0.6366217110213107,4.8,4.4,1.7,4.5,3.75,1.62,4.65,4.0,1.7,4.36,3.88,1.67
2026-10-09T21:56:19,I1|20261010|inter|parma,2026-10-10 17:00,I1,Italy Serie A,2026-27,Inter,Parma,inter,parma,0.8125627325144843,0.12974185106089187,0.05769541642462387,1.16,10.5,23.0,1.14,8.0,19.0,1.16,9.0,21.0,1.13,8.38,17.13
2026-10-09T21:56:19,B1|20261010|raal la louviere|brugge,2026-10-10 17:15,B1,Belgium Pro League,2026-27,RAAL La Louviere,Club Brugge,raal la louviere,brugge,0.07252919618260721,0.1492936272793101,0.7781771765380827,7.8,5.1,1.4,6.25,4.33,1.42,7.0,5.25,1.42,6.54,4.82,1.38
2026-10-09T21:56:19,SP2|20261010|eldense|cordoba,2026-10-10 17:30,SP2,Spain Segunda Division,2026-27,Eldense,Cordoba,eldense,cordoba,0.4177273170428408,0.27970893059269136,0.3025637523644678,2.32,3.75,2.8,2.32,3.7,2.65,2.38,3.7,2.75,2.3,3.56,2.64
2026-10-09T21:56:19,D1|20261010|rb leipzig|ein frankfurt,2026-10-10 17:30,D1,Germany Bundesliga,2026-27,RB Leipzig,Ein Frankfurt,rb leipzig,ein frankfurt,0.5619655923836945,0.23803035370714373,0.2000040539091618,1.62,5.2,5.2,1.57,4.75,5.0,1.57,5.0,5.1,1.55,4.73,4.74
2026-10-09T21:56:19,E0|20261010|man united|tottenham,2026-10-10 17:30,E0,England Premier League,2026-27,Man United,Tottenham,man united,tottenham,0.6041150204517347,0.22214486182149548,0.1737401177267698,1.76,4.4,4.8,1.7,4.2,4.5,1.73,4.33,4.65,1.69,4.16,4.37
2026-10-09T21:56:19,EC|20261010|forest green|hartlepool,2026-10-10 17:30,EC,England National League,2026-27,Forest Green,Hartlepool,forest green,hartlepool,0.5663867025300005,0.23216667846857622,0.20144661900142324,1.6,4.0,4.1,1.67,3.9,4.33,1.67,4.0,4.5,1.62,3.91,4.35
2026-10-09T21:56:19,G1|20261010|aek|ofi crete,2026-10-10 17:30,G1,Greece Super League,2026-27,AEK,OFI Crete,aek,ofi crete,0.7538726678791523,0.16708483796401716,0.07904249415683041,1.28,6.2,11.0,1.19,5.75,12.0,1.25,6.0,12.0,1.21,5.77,10.33
2026-10-09T21:56:19,G1|20261010|asteras tripolis|atromitos,2026-10-10 17:30,G1,Greece Super League,2026-27,Asteras Tripolis,Atromitos,asteras tripolis,atromitos,0.3450399229158334,0.2886492045635878,0.3663108725205788,2.38,3.25,3.3,2.35,3.2,3.0,2.35,3.25,3.1,2.29,3.12,2.95
2026-10-09T21:56:19,SP1|20261010|barcelona|getafe,2026-10-10 17:30,SP1,Spain La Liga,2026-27,Barcelona,Getafe,barcelona,getafe,0.8727777127992615,0.09243870846085704,0.03478357873988166,1.1,16.5,32.0,1.08,12.0,23.0,1.1,15.0,29.0,1.08,11.73,23.81
2026-10-09T21:56:19,N1|20261010|feyenoord|az alkmaar,2026-10-10 17:45,N1,Netherlands Eredivisie,2026-27,Feyenoord,AZ Alkmaar,feyenoord,az alkmaar,0.5235832047973275,0.24769335488105104,0.22872344032162142,1.88,3.95,4.3,1.8,4.2,3.75,1.84,4.2,4.0,1.8,3.96,3.76
2026-10-09T21:56:19,P1|20261010|maritimo|porto,2026-10-10 18:00,P1,Portugal Primeira Liga,2026-27,Maritimo,Porto,maritimo,porto,0.08520246635319066,0.1657282950384524,0.749069238608357,11.5,5.5,1.33,8.5,5.0,1.3,11.5,5.2,1.35,9.3,4.87,1.31
2026-10-09T21:56:19,I2|20261010|arezzo|cremonese,2026-10-10 18:30,I2,Italy Serie B,2026-27,Arezzo,Cremonese,arezzo,cremonese,0.3006207961539793,0.28107621153623147,0.41830299230978935,3.2,3.05,2.48,3.0,3.1,2.25,3.0,3.25,2.42,2.89,3.13,2.35
2026-10-09T21:56:19,F2|20261010|st etienne|rodez,2026-10-10 19:00,F2,France Ligue 2,2026-27,St Etienne,Rodez,st etienne,rodez,0.5375458865049471,0.25432936552431323,0.2081247479707398,1.39,5.1,7.2,1.4,4.2,6.0,1.42,5.1,7.0,1.38,4.75,6.52
2026-10-09T21:56:19,N1|20261010|for sittard|twente,2026-10-10 19:00,N1,Netherlands Eredivisie,2026-27,For Sittard,Twente,for sittard,twente,0.16094852207744775,0.21459862436525498,0.6244528535572974,6.6,5.1,1.48,6.0,5.0,1.44,6.75,5.25,1.45,6.16,4.99,1.41
2026-10-09T21:56:19,D2|20261010|nurnberg|wolfsburg,2026-10-10 19:30,D2,Germany 2. Bundesliga,2026-27,Nurnberg,Wolfsburg,nurnberg,wolfsburg,0.2816801187759715,0.26509480337375174,0.4532250778502767,2.62,3.85,2.56,2.45,3.8,2.45,2.5,4.0,2.5,2.43,3.77,2.44
2026-10-09T21:56:19,B1|20261010|genk|kortrijk,2026-10-10 19:45,B1,Belgium Pro League,2026-27,Genk,Kortrijk,genk,kortrijk,0.6458437313598031,0.21502094045315215,0.13913532818704466,1.44,4.8,7.6,1.42,4.5,6.0,1.46,4.75,7.0,1.42,4.54,6.31
2026-10-09T21:56:19,B1|20261010|waregem|gent,2026-10-10 19:45,B1,Belgium Pro League,2026-27,Waregem,Gent,waregem,gent,0.3199846285709222,0.2773514105024673,0.4026639609266105,2.88,3.4,2.62,2.75,3.25,2.35,2.9,3.4,2.45,2.77,3.31,2.38
2026-10-09T21:56:19,F1|20261010|brest|angers,2026-10-10 19:45,F1,France Ligue 1,2026-27,Brest,Angers,brest,angers,0.5080785615132993,0.2710339081249962,0.22088753036170442,2.06,3.8,3.8,2.0,3.6,3.75,2.02,3.75,3.75,1.98,3.61,3.53
2026-10-09T21:56:19,F1|20261010|lorient|paris,2026-10-10 19:45,F1,France Ligue 1,2026-27,Lorient,Paris FC,lorient,paris,0.34358154477552594,0.2980925482327558,0.3583259069917181,3.45,3.45,2.3,3.25,3.4,2.2,3.25,3.5,2.3,3.15,3.33,2.23
2026-10-09T21:56:19,F1|20261010|monaco|toulouse,2026-10-10 19:45,F1,France Ligue 1,2026-27,Monaco,Toulouse,monaco,toulouse,0.5443863170796446,0.26024387240855,0.19536981051180544,1.63,4.6,5.7,1.6,4.1,5.5,1.61,4.4,5.75,1.59,4.22,5.03
2026-10-09T21:56:19,F1|20261010|paris sg|le mans,2026-10-10 19:45,F1,France Ligue 1,2026-27,Paris SG,Le Mans,paris sg,le mans,0.7618989014461284,0.16073556980018214,0.07736552875368953,1.1,14.5,28.0,1.09,12.0,21.0,1.1,13.0,29.0,1.08,11.3,22.06
2026-10-09T21:56:19,I1|20261010|napoli|frosinone,2026-10-10 19:45,I1,Italy Serie A,2026-27,Napoli,Frosinone,napoli,frosinone,0.6112697412116089,0.237769282368258,0.15096097642013298,1.49,5.1,7.2,1.44,4.75,7.0,1.45,5.0,7.3,1.44,4.74,6.44
2026-10-09T21:56:19,SP2|20261010|celta b|sociedad b,2026-10-10 20:00,SP2,Spain Segunda Division,2026-27,Celta B,Sociedad B,celta b,sociedad b,0.4477345192661999,0.2770892446411109,0.2751762360926892,2.3,3.4,3.0,2.25,3.4,3.0,2.32,3.5,3.0,2.22,3.4,2.89
2026-10-09T21:56:19,SP1|20261010|real madrid|villarreal,2026-10-10 20:00,SP1,Spain La Liga,2026-27,Real Madrid,Villarreal,real madrid,villarreal,0.5299333423404152,0.2414730199387548,0.22859363772083005,1.38,6.2,8.0,1.38,6.0,6.25,1.4,6.0,7.5,1.36,5.61,6.69
2026-10-09T21:56:19,N1|20261010|ajax|nijmegen,2026-10-10 20:00,N1,Netherlands Eredivisie,2026-27,Ajax,Nijmegen,ajax,nijmegen,0.634401111853018,0.20467627527918753,0.1609226128677945,1.34,6.0,8.6,1.3,5.5,8.5,1.33,6.0,8.5,1.3,5.74,7.74
2026-10-09T21:56:19,P1|20261010|academico viseu|estoril,2026-10-10 20:30,P1,Portugal Primeira Liga,2026-27,Academico Viseu,Estoril,academico viseu,estoril,0.3479729227859163,0.2966440186295525,0.35538305858453123,2.28,3.4,3.35,2.25,3.4,3.0,2.3,3.5,3.1,2.24,3.38,2.99
2026-10-09T21:56:19,N1|20261011|utrecht|willem ii,2026-10-11 11:15,N1,Netherlands Eredivisie,2026-27,Utrecht,Willem II,utrecht,willem ii,0.6287257469712116,0.21039512245030303,0.16087913057848532,1.56,4.7,6.4,1.5,4.33,6.0,1.53,4.75,6.2,1.48,4.53,5.58
2026-10-09T21:56:19,I1|20261011|como|roma,2026-10-11 11:30,I1,Italy Serie A,2026-27,Como,Roma,como,roma,0.40131413381517217,0.2874603416001214,0.31122552458470637,2.74,3.7,2.74,2.6,3.5,2.6,2.62,3.7,2.62,2.54,3.54,2.56
2026-10-09T21:56:19,T1|20261011|konyaspor|buyuksehyr,2026-10-11 11:30,T1,Turkey Super Lig,2026-27,Konyaspor,Buyuksehyr,konyaspor,buyuksehyr,0.2765247537138663,0.2713938872618709,0.4520813590242627,1.12,3.5,2.54,2.55,3.4,2.45,2.72,3.5,2.55,2.6,3.4,2.45
2026-10-09T21:56:19,E1|20261011|southampton|portsmouth,2026-10-11 12:00,E1,England Championship,2026-27,Southampton,Portsmouth,southampton,portsmouth,0.593349551511994,0.2332148347727233,0.17343561371528274,1.65,4.3,5.8,1.53,4.0,5.5,1.6,4.33,5.7,1.57,4.13,5.23
2026-10-09T21:56:19,SC0|20261011|motherwell|celtic,2026-10-11 12:00,SC0,Scotland Premiership,2026-27,Motherwell,Celtic,motherwell,celtic,0.20843851546471934,0.24627934630347428,0.5452821382318064,4.8,4.5,1.66,4.75,4.5,1.53,5.0,4.5,1.62,4.77,4.37,1.57
2026-10-09T21:56:19,B1|20261011|standard|charleroi,2026-10-11 12:30,B1,Belgium Pro League,2026-27,Standard,Charleroi,standard,charleroi,0.34768276095546186,0.2828887115046918,0.3694285275398463,2.94,1.61,2.26,2.9,3.25,2.25,3.0,3.5,2.3,2.85,3.41,2.28
2026-10-09T21:56:19,D2|20261011|bochum|bielefeld,2026-10-11 12:30,D2,Germany 2. Bundesliga,2026-27,Bochum,Bielefeld,bochum,bielefeld,0.4532426470813326,0.25991868982098926,0.2868386630976782,2.28,3.6,3.05,2.2,3.5,2.9,2.3,3.6,2.9,2.23,3.48,2.82
2026-10-09T21:56:19,D2|20261011|hertha|greuther furth,2026-10-11 12:30,D2,Germany 2. Bundesliga,2026-27,Hertha,Greuther Furth,hertha,greuther furth,0.535666086322386,0.24485484996860687,0.21947906370900708,1.59,4.7,5.2,1.57,4.1,5.0,1.6,4.5,5.0,1.55,4.34,4.65
2026-10-09T21:56:19,D2|20261011|st pauli|karlsruhe,2026-10-11 12:30,D2,Germany 2. Bundesliga,2026-27,St Pauli,Karlsruhe,st pauli,karlsruhe,0.528813964374634,0.25260142307097916,0.2185846125543868,1.73,4.3,4.6,1.7,4.0,4.1,1.73,4.33,4.2,1.68,4.09,4.05
2026-10-09T21:56:19,SP1|20261011|elche|celta,2026-10-11 13:00,SP1,Spain La Liga,2026-27,Elche,Celta,elche,celta,0.3803998727245059,0.2937675604959978,0.3258325667794963,2.92,3.4,2.68,2.8,3.2,2.63,2.8,3.4,2.63,2.72,3.25,2.55
2026-10-09T21:56:19,SP2|20261011|andorra|castellon,2026-10-11 13:00,SP2,Spain Segunda Division,2026-27,Andorra,Castellon,andorra,castellon,0.29033088812458063,0.2913314657636847,0.4183376461117347,3.05,3.6,2.3,3.2,3.3,2.2,3.2,3.5,2.28,2.89,3.42,2.2
2026-10-09T21:56:19,N1|20261011|zwolle|cambuur,2026-10-11 13:30,N1,Netherlands Eredivisie,2026-27,Zwolle,Cambuur,zwolle,cambuur,0.4313353091610181,0.25225397829377993,0.31641071254520203,1.98,4.0,3.75,1.95,3.75,3.5,2.0,4.0,3.6,1.92,3.84,3.38
2026-10-09T21:56:19,N1|20261011|telstar|den haag,2026-10-11 13:30,N1,Netherlands Eredivisie,2026-27,Telstar,Den Haag,telstar,den haag,0.48512281401323937,0.2525205395294409,0.2623566464573197,2.08,3.8,3.45,2.0,3.8,3.3,2.05,3.85,3.3,2.0,3.74,3.23
2026-10-09T21:56:19,E0|20261011|crystal palace|nottm forest,2026-10-11 14:00,E0,England Premier League,2026-27,Crystal Palace,Nott'm Forest,crystal palace,nottm forest,0.3047253543548134,0.2917028442165497,0.4035718014286369,2.78,3.45,2.8,2.7,3.2,2.7,2.7,3.5,2.7,2.59,3.33,2.64
2026-10-09T21:56:19,E0|20261011|hull|everton,2026-10-11 14:00,E0,England Premier League,2026-27,Hull,Everton,hull,everton,0.1853020083003919,0.24510029819059073,0.5695976935090173,3.85,3.5,2.16,3.7,3.4,2.05,3.9,3.5,2.1,3.58,3.4,2.04
2026-10-09T21:56:19,F1|20261011|nice|strasbourg,2026-10-11 14:00,F1,France Ligue 1,2026-27,Nice,Strasbourg,nice,strasbourg,0.3215766924574508,0.28153766956406373,0.3968856379784855,2.4,3.75,3.1,2.35,3.6,3.0,2.35,3.7,3.0,2.29,3.56,2.87
2026-10-09T21:56:19,I1|20261011|lazio|monza,2026-10-11 14:00,I1,Italy Serie A,2026-27,Lazio,Monza,lazio,monza,0.5529230741264363,0.25321928620836553,0.19385763966519823,1.63,4.2,6.4,1.57,4.0,6.0,1.6,4.1,6.4,1.57,3.98,5.66
2026-10-09T21:56:19,I1|20261011|lecce|bologna,2026-10-11 14:00,I1,Italy Serie A,2026-27,Lecce,Bologna,lecce,bologna,0.236072493942463,0.2625570047622566,0.5013705012952805,4.7,3.5,1.97,4.2,3.3,1.85,4.33,3.4,2.0,4.1,3.34,1.91
2026-10-09T21:56:19,I2|20261011|catanzaro|mantova,2026-10-11 14:00,I2,Italy Serie B,2026-27,Catanzaro,Mantova,catanzaro,mantova,0.42413368902027476,0.2817020407892599,0.29416427019046526,2.34,3.45,2.98,2.25,3.1,3.1,2.38,3.5,3.1,2.29,3.34,2.81
2026-10-09T21:56:19,SC0|20261011|aberdeen|st johnstone,2026-10-11 14:00,SC0,Scotland Premiership,2026-27,Aberdeen,St Johnstone,aberdeen,st johnstone,0.3761285107173189,0.29291242661528344,0.33095906266739766,2.22,3.65,3.35,2.1,3.4,3.25,2.2,3.5,3.3,2.17,3.34,3.19
2026-10-09T21:56:19,T1|20261011|gaziantep|corum,2026-10-11 14:00,T1,Turkey Super Lig,2026-27,Gaziantep,Corum,gaziantep,corum,0.43144996018873333,0.27654184397515014,0.2920081958361166,2.52,3.35,2.68,2.5,3.25,2.55,2.62,3.4,2.63,2.55,3.31,2.54
2026-10-09T21:56:19,D1|20261011|koln|mgladbach,2026-10-11 14:30,D1,Germany Bundesliga,2026-27,FC Koln,M'gladbach,koln,mgladbach,0.4494518726739252,0.2709399606207248,0.27960816670535005,2.1,4.0,3.5,2.0,3.9,3.3,2.08,4.0,3.4,2.0,3.89,3.22
2026-10-09T21:56:19,B1|20261011|st gilloise|oud heverlee leuven,2026-10-11 15:00,B1,Belgium Pro League,2026-27,St. Gilloise,Oud-Heverlee Leuven,st gilloise,oud heverlee leuven,0.8366059964752489,0.1160127535779351,0.04738124994681611,1.24,1.12,1.12,1.22,5.75,9.5,1.28,6.5,10.5,1.23,5.92,9.76
2026-10-09T21:56:19,G1|20261011|iraklis|levadeiakos,2026-10-11 15:00,G1,Greece Super League,2026-27,Iraklis,Levadeiakos,iraklis,levadeiakos,0.3495142127737129,0.30070579458102187,0.3497799926452653,2.3,3.1,3.65,2.2,3.0,3.5,2.25,3.2,3.5,2.2,3.02,3.19
2026-10-09T21:56:19,G1|20261011|kifisia|panetolikos,2026-10-11 15:00,G1,Greece Super League,2026-27,Kifisia,Panetolikos,kifisia,panetolikos,0.37130248079553146,0.3101157053948293,0.3185818138096393,1.9,3.5,4.4,1.81,3.3,4.33,1.91,3.5,4.33,1.84,3.3,3.97
2026-10-09T21:56:19,SP1|20261011|sociedad|la coruna,2026-10-11 15:15,SP1,Spain La Liga,2026-27,Sociedad,La Coruna,sociedad,la coruna,0.4874861436035627,0.27607439607417256,0.2364394603222648,1.66,4.2,5.9,1.62,3.9,5.5,1.65,4.0,5.5,1.61,3.93,5.19
2026-10-09T21:56:19,SP2|20261011|almeria|leganes,2026-10-11 15:15,SP2,Spain Segunda Division,2026-27,Almeria,Leganes,almeria,leganes,0.6130831363599957,0.2415384562974238,0.1453784073425806,1.66,4.1,4.5,1.62,3.7,5.25,1.65,4.0,5.3,1.61,3.88,4.65
2026-10-09T21:56:19,P1|20261011|rio ave|nacional,2026-10-11 15:30,P1,Portugal Primeira Liga,2026-27,Rio Ave,Nacional,rio ave,nacional,0.40890817694812126,0.28614383387861625,0.30494798917326243,1.12,1.62,1.62,2.2,3.2,3.2,2.3,3.3,3.2,2.25,3.24,3.09
2026-10-09T21:56:19,N1|20261011|excelsior|groningen,2026-10-11 15:45,N1,Netherlands Eredivisie,2026-27,Excelsior,Groningen,excelsior,groningen,0.391439562457736,0.26450992769577975,0.34405050984648433,1.12,3.65,2.54,2.55,3.6,2.55,2.6,3.75,2.55,2.51,3.62,2.48
2026-10-09T21:56:19,F1|20261011|rennes|auxerre,2026-10-11 16:15,F1,France Ligue 1,2026-27,Rennes,Auxerre,rennes,auxerre,0.5270732872140654,0.25672554091677074,0.21620117186916388,1.45,5.3,7.2,1.44,4.75,7.0,1.45,5.0,7.4,1.42,4.83,6.43
2026-10-09T21:56:19,I2|20261011|padova|carrarese,2026-10-11 16:15,I2,Italy Serie B,2026-27,Padova,Carrarese,padova,carrarese,0.3640675430130182,0.27732352283031053,0.35860893415667133,1.97,3.35,3.65,1.86,3.3,3.8,2.05,3.5,4.0,1.94,3.36,3.59
2026-10-09T21:56:19,D1|20261011|freiburg|schalke 04,2026-10-11 16:30,D1,Germany Bundesliga,2026-27,Freiburg,Schalke 04,freiburg,schalke 04,0.6542607039864009,0.2145726053604263,0.13116669065317274,1.67,4.3,5.6,1.65,4.0,5.25,1.67,4.2,5.25,1.64,3.98,4.83
2026-10-09T21:56:19,E0|20261011|liverpool|man city,2026-10-11 16:30,E0,England Premier League,2026-27,Liverpool,Man City,liverpool,man city,0.25970995234455624,0.27564192471315413,0.46464812294228963,2.8,3.85,2.56,2.7,3.6,2.45,2.7,3.75,2.5,2.62,3.64,2.44
2026-10-09T21:56:19,G1|20261011|aris|volos nfc,2026-10-11 17:00,G1,Greece Super League,2026-27,Aris,Volos NFC,aris,volos nfc,0.6220163641556794,0.22508073335468548,0.15290290248963498,1.55,4.1,6.6,1.46,3.9,7.0,1.5,4.33,7.0,1.48,4.0,5.91
2026-10-09T21:56:19,I1|20261011|sassuolo|milan,2026-10-11 17:00,I1,Italy Serie A,2026-27,Sassuolo,Milan,sassuolo,milan,0.30938651728611727,0.28151658473201907,0.40909689798186366,4.5,3.95,1.89,4.33,3.6,1.75,4.33,3.8,1.88,4.04,3.71,1.81
2026-10-09T21:56:19,T1|20261011|besiktas|kocaelispor,2026-10-11 17:00,T1,Turkey Super Lig,2026-27,Besiktas,Kocaelispor,besiktas,kocaelispor,0.6939398710570946,0.1967414760160158,0.1093186529268894,1.28,6.4,9.8,1.24,4.75,11.0,1.29,5.5,11.0,1.26,5.21,9.8
2026-10-09T21:56:19,B1|20261011|westerlo|antwerp,2026-10-11 17:30,B1,Belgium Pro League,2026-27,Westerlo,Antwerp,westerlo,antwerp,0.4341030236916155,0.28279822081493133,0.2830987554934531,2.12,3.9,1.32,2.1,3.6,3.0,2.15,4.0,3.1,2.08,3.73,2.98
2026-10-09T21:56:19,SP1|20261011|betis|osasuna,2026-10-11 17:30,SP1,Spain La Liga,2026-27,Betis,Osasuna,betis,osasuna,0.5688776934632047,0.24982296509281196,0.18129934144398338,1.59,4.5,6.4,1.57,4.0,6.0,1.57,4.33,6.4,1.53,4.17,5.63
2026-10-09T21:56:19,SP2|20261011|mallorca|las palmas,2026-10-11 17:30,SP2,Spain Segunda Division,2026-27,Mallorca,Las Palmas,mallorca,las palmas,0.5534458830531489,0.2673481796909458,0.17920593725590528,1.28,4.2,5.8,1.53,3.8,6.0,1.58,4.2,6.0,1.54,3.93,5.25
2026-10-09T21:56:19,P1|20261011|benfica|guimaraes,2026-10-11 18:00,P1,Portugal Primeira Liga,2026-27,Benfica,Guimaraes,benfica,guimaraes,0.7971528271220678,0.13557230069855394,0.06727487217937828,1.23,7.4,16.0,1.19,6.0,12.0,1.25,6.5,13.5,1.21,6.15,11.59
2026-10-09T21:56:19,B1|20261011|mechelen|st truiden,2026-10-11 18:15,B1,Belgium Pro League,2026-27,Mechelen,St Truiden,mechelen,st truiden,0.33501647855951505,0.2829797117156993,0.3820038097247857,3.35,3.5,1.12,3.2,3.5,2.05,3.25,3.6,2.15,3.14,3.51,2.08
2026-10-09T21:56:19,I2|20261011|modena|verona,2026-10-11 18:30,I2,Italy Serie B,2026-27,Modena,Verona,modena,verona,0.3773645903793006,0.29821496765037037,0.3244204419703291,1.98,3.25,3.85,1.91,3.2,3.8,2.0,3.4,3.8,1.95,3.29,3.63
2026-10-09T21:56:19,G1|20261011|olympiakos|panathinaikos,2026-10-11 19:00,G1,Greece Super League,2026-27,Olympiakos,Panathinaikos,olympiakos,panathinaikos,0.5018688118242708,0.291514581923303,0.2066166062524262,2.26,3.3,3.45,2.15,3.1,3.5,2.15,3.3,3.5,2.09,3.19,3.26
2026-10-09T21:56:19,F1|20261011|troyes|marseille,2026-10-11 19:45,F1,France Ligue 1,2026-27,Troyes,Marseille,troyes,marseille,0.24221750853320753,0.2574054144026967,0.5003770770640957,3.85,3.95,2.02,3.75,3.75,1.91,3.8,4.0,1.98,3.66,3.81,1.88
2026-10-09T21:56:19,I1|20261011|cagliari|juventus,2026-10-11 19:45,I1,Italy Serie A,2026-27,Cagliari,Juventus,cagliari,juventus,0.16753611888226425,0.22931117183838579,0.6031527092793499,7.0,4.0,1.61,7.0,3.75,1.55,7.0,4.0,1.57,6.13,3.89,1.55
2026-10-09T21:56:19,SP1|20261011|santander|valencia,2026-10-11 20:00,SP1,Spain La Liga,2026-27,Santander,Valencia,santander,valencia,0.350826858347955,0.2806761611900903,0.36849698046195484,2.42,3.7,3.05,2.3,3.6,3.0,2.32,3.6,3.0,2.28,3.51,2.89
2026-10-09T21:56:19,SP2|20261011|cadiz|sp gijon,2026-10-11 20:00,SP2,Spain Segunda Division,2026-27,Cadiz,Sp Gijon,cadiz,sp gijon,0.3813150726811534,0.2982843805971398,0.32040054672170687,2.22,3.25,2.86,2.5,3.1,2.82,2.52,3.25,2.88,2.43,3.15,2.74
2026-10-09T21:56:19,P1|20261011|arouca|estrela,2026-10-11 20:30,P1,Portugal Primeira Liga,2026-27,Arouca,Estrela,arouca,estrela,0.4577359568290776,0.2826477583442635,0.25961628482665894,2.12,3.35,2.76,2.05,3.3,3.5,2.2,3.5,3.5,2.09,3.37,3.28
2026-10-09T21:56:19,SP2|20261012|valladolid|albacete,2026-10-12 13:00,SP2,Spain Segunda Division,2026-27,Valladolid,Albacete,valladolid,albacete,0.40105171995702243,0.2914559520221102,0.3074923280208674,1.36,3.35,1.52,1.91,3.3,4.0,1.98,3.4,4.0,1.94,3.27,3.64
2026-10-09T21:56:19,SP2|20261012|burgos|granada,2026-10-12 15:15,SP2,Spain Segunda Division,2026-27,Burgos,Granada,burgos,granada,0.4325299604979904,0.2850923796149203,0.28237765988708924,1.43,1.73,1.33,2.4,3.1,3.0,2.4,3.25,3.05,2.36,3.13,2.85
2026-10-09T21:56:19,G1|20261012|paok|kalamata,2026-10-12 16:00,G1,Greece Super League,2026-27,PAOK,Kalamata,paok,kalamata,0.7390319798284387,0.17182764603041897,0.08914037414114229,1.2,5.4,7.2,1.17,7.0,12.0,1.21,7.0,12.0,1.18,6.27,11.18
2026-10-09T21:56:19,I1|20261012|atalanta|venezia,2026-10-12 17:30,I1,Italy Serie A,2026-27,Atalanta,Venezia,atalanta,venezia,0.5358991070087158,0.2604142310521014,0.20368666193918292,1.6,4.3,6.4,1.57,4.2,5.75,1.57,4.4,6.0,1.55,4.18,5.52
2026-10-09T21:56:19,SP2|20261012|oviedo|eibar,2026-10-12 17:30,SP2,Spain Segunda Division,2026-27,Oviedo,Eibar,oviedo,eibar,0.4227850767712427,0.30162694462450457,0.27558797860425277,2.18,3.2,1.54,2.2,3.1,3.3,2.28,3.2,3.3,2.2,3.08,3.14
2026-10-09T21:56:19,T1|20261012|eyupspor|goztep,2026-10-12 18:00,T1,Turkey Super Lig,2026-27,Eyupspor,Goztep,eyupspor,goztep,0.2798329104308624,0.2564013857815476,0.46376570378759,2.52,2.0,1.17,3.7,3.5,1.86,3.7,3.75,1.98,3.56,3.59,1.89
2026-10-09T21:56:19,I1|20261012|torino|udinese,2026-10-12 19:45,I1,Italy Serie A,2026-27,Torino,Udinese,torino,udinese,0.31883296722875704,0.28451922474175045,0.39664780802949245,2.44,3.3,3.35,2.3,3.2,3.3,2.4,3.3,3.3,2.31,3.19,3.12
2026-10-09T21:56:19,F2|20261012|dijon|metz,2026-10-12 19:45,F2,France Ligue 2,2026-27,Dijon,Metz,dijon,metz,0.3308349898445117,0.29933744245707367,0.3698275676984146,1.42,1.13,1.42,2.55,3.2,2.45,2.65,3.5,2.55,2.59,3.4,2.42
2026-10-09T21:56:19,SP1|20261012|levante|sevilla,2026-10-12 20:00,SP1,Spain La Liga,2026-27,Levante,Sevilla,levante,sevilla,0.39577815036615527,0.2892781626692511,0.3149436869645937,2.86,3.35,2.68,2.75,3.25,2.63,2.78,3.3,2.64,2.68,3.27,2.56
2026-10-09T21:56:19,SP2|20261012|tenerife|girona,2026-10-12 20:00,SP2,Spain Segunda Division,2026-27,Tenerife,Girona,tenerife,girona,0.24983324832178957,0.2808787846135558,0.4692879670646546,1.5,3.15,1.49,2.75,3.1,2.55,2.84,3.2,2.55,2.71,3.1,2.46
2026-10-09T21:56:19,E0|20261012|coventry|newcastle,2026-10-12 20:00,E0,England Premier League,2026-27,Coventry,Newcastle,coventry,newcastle,0.32999938526593237,0.2939940055703229,0.3760066091637447,3.6,3.7,2.16,3.3,3.7,2.1,3.4,3.75,2.15,3.25,3.58,2.08
2026-10-09T21:56:19,P1|20261012|famalicao|alverca,2026-10-12 20:15,P1,Portugal Primeira Liga,2026-27,Famalicao,Alverca,famalicao,alverca,0.5534810964660682,0.2670362670048804,0.17948263652905136,1.94,3.35,4.7,1.79,3.3,4.75,1.88,3.5,4.75,1.83,3.35,4.29
